<?xml version="1.0" encoding="UTF-8"?>
<project-private xmlns="http://www.netbeans.org/ns/project-private/1">
    <editor-bookmarks xmlns="http://www.netbeans.org/ns/editor-bookmarks/2" lastBookmarkId="0"/>
    <open-files xmlns="http://www.netbeans.org/ns/projectui-open-files/2">
        <group>
            <file>file:/C:/Users/dell/Downloads/Repaso2/src/models/Borde.java</file>
            <file>file:/C:/Users/dell/Downloads/Repaso2/src/models/Caja.java</file>
            <file>file:/C:/Users/dell/Downloads/Repaso2/src/models/Circulo.java</file>
            <file>file:/C:/Users/dell/Downloads/Repaso2/src/models/Dimension.java</file>
            <file>file:/C:/Users/dell/Downloads/Repaso2/src/models/Posicion.java</file>
            <file>file:/C:/Users/dell/Downloads/Repaso2/src/repaso/Config.java</file>
            <file>file:/C:/Users/dell/Downloads/Repaso2/src/repaso/Repaso.java</file>
        </group>
    </open-files>
</project-private>
